AnnoMeseEvento;TOTALE_IN;qta_CF_IN;qta_SI_IN;qta_PT_IN;qta_CP_IN;qta_CI_IN;TOTALE_OUT;qta_CF_OUT;qta_SI_OUT;qta_PT_OUT;qta_CP_OUT;qta_CI_OUT
202101;124;47;26;29;19;1;64;16;13;14;18;1
202102;122;44;26;30;19;0;154;55;26;39;27;1
202103;248;65;66;54;56;1;158;55;28;42;30;0
202104;2;0;1;1;0;0;31;10;6;7;6;1
202105;430;121;117;96;79;1;113;31;24;22;25;4
202106;21;4;5;9;2;0;70;24;15;15;12;1
202107;164;45;39;34;40;0;32;11;9;1;8;1
202108;203;61;69;25;41;2;118;48;20;14;30;1
202109;88;22;21;26;15;0;32;14;6;3;7;0
202110;137;42;40;28;19;0;58;14;13;13;15;0
202111;231;62;59;62;40;0;92;28;27;20;13;2
202112;135;39;40;25;20;0;91;27;23;16;18;2
202201;74;17;27;10;18;1;62;19;12;11;18;0
202202;110;39;24;22;17;2;51;19;12;8;11;0
202203;255;70;47;75;53;1;160;56;27;33;32;3
202204;178;58;40;35;37;0;101;42;24;13;17;0
202205;2;0;1;1;0;0;0;0;0;0;0;0


Area;AnnoMeseEvento;Entrate;Uscite;Diff;Perc
CAMPI-PRATO;202101;19;18;1;94.74
CAMPI-PRATO;202102;19;27;-8;142.11
CAMPI-PRATO;202103;56;30;26;53.57
CAMPI-PRATO;202104;0;6;-6;
CAMPI-PRATO;202105;79;25;54;31.65
CAMPI-PRATO;202106;2;12;-10;600.00
CAMPI-PRATO;202107;40;8;32;20.00
CAMPI-PRATO;202108;41;30;11;73.17
CAMPI-PRATO;202109;15;7;8;46.67
CAMPI-PRATO;202110;19;15;4;78.95
CAMPI-PRATO;202111;40;13;27;32.50
CAMPI-PRATO;202112;20;18;2;90.00
CAMPI-PRATO;202201;18;18;0;100.00
CAMPI-PRATO;202202;17;11;6;64.71
CAMPI-PRATO;202203;53;32;21;60.38
CAMPI-PRATO;202204;37;17;20;45.95
CAMPI-PRATO;TOTALE;475;287;188;60.42
CENTRO IMPRESE;202101;1;1;0;100.00
CENTRO IMPRESE;202102;0;1;-1;
CENTRO IMPRESE;202103;1;0;1;0.00
CENTRO IMPRESE;202104;0;1;-1;
CENTRO IMPRESE;202105;1;4;-3;400.00
CENTRO IMPRESE;202106;0;1;-1;
CENTRO IMPRESE;202107;0;1;-1;
CENTRO IMPRESE;202108;2;1;1;50.00
CENTRO IMPRESE;202111;0;2;-2;
CENTRO IMPRESE;202112;0;2;-2;
CENTRO IMPRESE;202201;1;0;1;0.00
CENTRO IMPRESE;202202;2;0;2;0.00
CENTRO IMPRESE;202203;1;3;-2;300.00
CENTRO IMPRESE;TOTALE;9;17;-8;188.89
CHIANTI-FIRENZE;202101;47;16;31;34.04
CHIANTI-FIRENZE;202102;44;55;-11;125.00
CHIANTI-FIRENZE;202103;65;55;10;84.62
CHIANTI-FIRENZE;202104;0;10;-10;
CHIANTI-FIRENZE;202105;121;31;90;25.62
CHIANTI-FIRENZE;202106;4;24;-20;600.00
CHIANTI-FIRENZE;202107;45;11;34;24.44
CHIANTI-FIRENZE;202108;61;48;13;78.69
CHIANTI-FIRENZE;202109;22;14;8;63.64
CHIANTI-FIRENZE;202110;42;14;28;33.33
CHIANTI-FIRENZE;202111;62;28;34;45.16
CHIANTI-FIRENZE;202112;39;27;12;69.23
CHIANTI-FIRENZE;202201;17;19;-2;111.76
CHIANTI-FIRENZE;202202;39;19;20;48.72
CHIANTI-FIRENZE;202203;70;56;14;80.00
CHIANTI-FIRENZE;202204;58;42;16;72.41
CHIANTI-FIRENZE;TOTALE;736;469;267;63.72
PISTOIA-TIRRENO;202101;29;14;15;48.28
PISTOIA-TIRRENO;202102;30;39;-9;130.00
PISTOIA-TIRRENO;202103;54;42;12;77.78
PISTOIA-TIRRENO;202104;1;7;-6;700.00
PISTOIA-TIRRENO;202105;96;22;74;22.92
PISTOIA-TIRRENO;202106;9;15;-6;166.67
PISTOIA-TIRRENO;202107;34;1;33;2.94
PISTOIA-TIRRENO;202108;25;14;11;56.00
PISTOIA-TIRRENO;202109;26;3;23;11.54
PISTOIA-TIRRENO;202110;28;13;15;46.43
PISTOIA-TIRRENO;202111;62;20;42;32.26
PISTOIA-TIRRENO;202112;25;16;9;64.00
PISTOIA-TIRRENO;202201;10;11;-1;110.00
PISTOIA-TIRRENO;202202;22;8;14;36.36
PISTOIA-TIRRENO;202203;75;33;42;44.00
PISTOIA-TIRRENO;202204;35;13;22;37.14
PISTOIA-TIRRENO;202205;1;0;1;0.00
PISTOIA-TIRRENO;TOTALE;562;271;291;48.22
SIENA;202101;26;13;13;50.00
SIENA;202102;26;26;0;100.00
SIENA;202103;66;28;38;42.42
SIENA;202104;1;6;-5;600.00
SIENA;202105;117;24;93;20.51
SIENA;202106;5;15;-10;300.00
SIENA;202107;39;9;30;23.08
SIENA;202108;69;20;49;28.99
SIENA;202109;21;6;15;28.57
SIENA;202110;40;13;27;32.50
SIENA;202111;59;27;32;45.76
SIENA;202112;40;23;17;57.50
SIENA;202201;27;12;15;44.44
SIENA;202202;24;12;12;50.00
SIENA;202203;47;27;20;57.45
SIENA;202204;40;24;16;60.00
SIENA;202205;1;0;1;0.00
SIENA;TOTALE;648;285;363;43.98
_Chiusa_;202101;2;2;0;100.00
_Chiusa_;202102;3;6;-3;200.00
_Chiusa_;202103;6;3;3;50.00
_Chiusa_;202104;0;1;-1;
_Chiusa_;202105;16;7;9;43.75
_Chiusa_;202106;1;3;-2;300.00
_Chiusa_;202107;6;2;4;33.33
_Chiusa_;202108;5;5;0;100.00
_Chiusa_;202109;4;2;2;50.00
_Chiusa_;202110;8;3;5;37.50
_Chiusa_;202111;8;2;6;25.00
_Chiusa_;202112;11;5;6;45.45
_Chiusa_;202201;1;2;-1;200.00
_Chiusa_;202202;6;1;5;16.67
_Chiusa_;202203;9;9;0;100.00
_Chiusa_;202204;8;5;3;62.50
_Chiusa_;TOTALE;94;58;36;61.70
;TOTALE;2524;1387;1137;54.95


Area;Filiale;AnnoMeseEvento;Entrate;Uscite;Diff;Perc
CAMPI-PRATO;036 Empoli ;202101;0;4;-4;
CAMPI-PRATO;036 Empoli ;202102;3;2;1;66.67
CAMPI-PRATO;036 Empoli ;202103;13;2;11;15.38
CAMPI-PRATO;036 Empoli ;202104;0;1;-1;
CAMPI-PRATO;036 Empoli ;202105;8;2;6;25.00
CAMPI-PRATO;036 Empoli ;202107;8;0;8;0.00
CAMPI-PRATO;036 Empoli ;202108;1;2;-1;200.00
CAMPI-PRATO;036 Empoli ;202109;2;1;1;50.00
CAMPI-PRATO;036 Empoli ;202110;1;2;-1;200.00
CAMPI-PRATO;036 Empoli ;202111;11;3;8;27.27
CAMPI-PRATO;036 Empoli ;202112;2;1;1;50.00
CAMPI-PRATO;036 Empoli ;202201;1;1;0;100.00
CAMPI-PRATO;036 Empoli ;202202;6;0;6;0.00
CAMPI-PRATO;036 Empoli ;202203;8;5;3;62.50
CAMPI-PRATO;036 Empoli ;202204;6;2;4;33.33
CAMPI-PRATO;036 Empoli ;TOTALE;70;28;42;40.00
CAMPI-PRATO;040 Campi Buozzi ;202101;4;2;2;50.00
CAMPI-PRATO;040 Campi Buozzi ;202102;5;5;0;100.00
CAMPI-PRATO;040 Campi Buozzi ;202103;15;4;11;26.67
CAMPI-PRATO;040 Campi Buozzi ;202104;0;4;-4;
CAMPI-PRATO;040 Campi Buozzi ;202105;20;2;18;10.00
CAMPI-PRATO;040 Campi Buozzi ;202106;0;1;-1;
CAMPI-PRATO;040 Campi Buozzi ;202107;14;3;11;21.43
CAMPI-PRATO;040 Campi Buozzi ;202108;13;5;8;38.46
CAMPI-PRATO;040 Campi Buozzi ;202109;1;2;-1;200.00
CAMPI-PRATO;040 Campi Buozzi ;202110;5;3;2;60.00
CAMPI-PRATO;040 Campi Buozzi ;202111;7;2;5;28.57
CAMPI-PRATO;040 Campi Buozzi ;202112;2;4;-2;200.00
CAMPI-PRATO;040 Campi Buozzi ;202201;1;4;-3;400.00
CAMPI-PRATO;040 Campi Buozzi ;202202;5;0;5;0.00
CAMPI-PRATO;040 Campi Buozzi ;202203;6;2;4;33.33
CAMPI-PRATO;040 Campi Buozzi ;202204;17;3;14;17.65
CAMPI-PRATO;040 Campi Buozzi ;TOTALE;115;46;69;40.00
CAMPI-PRATO;041 Calenzano ;202101;2;1;1;50.00
CAMPI-PRATO;041 Calenzano ;202102;3;1;2;33.33
CAMPI-PRATO;041 Calenzano ;202103;5;2;3;40.00
CAMPI-PRATO;041 Calenzano ;202105;12;2;10;16.67
CAMPI-PRATO;041 Calenzano ;202106;2;1;1;50.00
CAMPI-PRATO;041 Calenzano ;202107;1;1;0;100.00
CAMPI-PRATO;041 Calenzano ;202108;3;3;0;100.00
CAMPI-PRATO;041 Calenzano ;202109;5;1;4;20.00
CAMPI-PRATO;041 Calenzano ;202110;5;1;4;20.00
CAMPI-PRATO;041 Calenzano ;202111;4;1;3;25.00
CAMPI-PRATO;041 Calenzano ;202112;2;2;0;100.00
CAMPI-PRATO;041 Calenzano ;202201;5;3;2;60.00
CAMPI-PRATO;041 Calenzano ;202202;1;0;1;0.00
CAMPI-PRATO;041 Calenzano ;202203;8;2;6;25.00
CAMPI-PRATO;041 Calenzano ;202204;1;2;-1;200.00
CAMPI-PRATO;041 Calenzano ;TOTALE;59;23;36;38.98
CAMPI-PRATO;043 Prato Ferrucci;202101;5;4;1;80.00
CAMPI-PRATO;043 Prato Ferrucci;202102;4;6;-2;150.00
CAMPI-PRATO;043 Prato Ferrucci;202103;5;8;-3;160.00
CAMPI-PRATO;043 Prato Ferrucci;202105;10;7;3;70.00
CAMPI-PRATO;043 Prato Ferrucci;202106;0;4;-4;
CAMPI-PRATO;043 Prato Ferrucci;202107;3;0;3;0.00
CAMPI-PRATO;043 Prato Ferrucci;202108;7;9;-2;128.57
CAMPI-PRATO;043 Prato Ferrucci;202109;3;2;1;66.67
CAMPI-PRATO;043 Prato Ferrucci;202110;1;2;-1;200.00
CAMPI-PRATO;043 Prato Ferrucci;202111;5;3;2;60.00
CAMPI-PRATO;043 Prato Ferrucci;202112;3;6;-3;200.00
CAMPI-PRATO;043 Prato Ferrucci;202201;2;1;1;50.00
CAMPI-PRATO;043 Prato Ferrucci;202202;2;3;-1;150.00
CAMPI-PRATO;043 Prato Ferrucci;202203;4;13;-9;325.00
CAMPI-PRATO;043 Prato Ferrucci;202204;2;2;0;100.00
CAMPI-PRATO;043 Prato Ferrucci;TOTALE;56;70;-14;125.00
CAMPI-PRATO;044 Sesto Fiorentino ;202101;0;1;-1;
CAMPI-PRATO;044 Sesto Fiorentino ;202102;0;5;-5;
CAMPI-PRATO;044 Sesto Fiorentino ;202103;5;2;3;40.00
CAMPI-PRATO;044 Sesto Fiorentino ;202105;10;3;7;30.00
CAMPI-PRATO;044 Sesto Fiorentino ;202106;0;2;-2;
CAMPI-PRATO;044 Sesto Fiorentino ;202107;4;0;4;0.00
CAMPI-PRATO;044 Sesto Fiorentino ;202108;7;3;4;42.86
CAMPI-PRATO;044 Sesto Fiorentino ;202109;2;0;2;0.00
CAMPI-PRATO;044 Sesto Fiorentino ;202110;1;2;-1;200.00
CAMPI-PRATO;044 Sesto Fiorentino ;202111;3;0;3;0.00
CAMPI-PRATO;044 Sesto Fiorentino ;202112;6;1;5;16.67
CAMPI-PRATO;044 Sesto Fiorentino ;202201;6;1;5;16.67
CAMPI-PRATO;044 Sesto Fiorentino ;202202;1;1;0;100.00
CAMPI-PRATO;044 Sesto Fiorentino ;202203;8;1;7;12.50
CAMPI-PRATO;044 Sesto Fiorentino ;202204;3;4;-1;133.33
CAMPI-PRATO;044 Sesto Fiorentino ;TOTALE;56;26;30;46.43
CAMPI-PRATO;067 Prato Via Galilei ;202101;1;1;0;100.00
CAMPI-PRATO;067 Prato Via Galilei ;202102;0;1;-1;
CAMPI-PRATO;067 Prato Via Galilei ;202103;6;1;5;16.67
CAMPI-PRATO;067 Prato Via Galilei ;202105;4;2;2;50.00
CAMPI-PRATO;067 Prato Via Galilei ;202106;0;1;-1;
CAMPI-PRATO;067 Prato Via Galilei ;202108;3;1;2;33.33
CAMPI-PRATO;067 Prato Via Galilei ;202109;1;0;1;0.00
CAMPI-PRATO;067 Prato Via Galilei ;202110;2;1;1;50.00
CAMPI-PRATO;067 Prato Via Galilei ;202111;5;0;5;0.00
CAMPI-PRATO;067 Prato Via Galilei ;202112;1;0;1;0.00
CAMPI-PRATO;067 Prato Via Galilei ;202201;1;3;-2;300.00
CAMPI-PRATO;067 Prato Via Galilei ;202202;0;2;-2;
CAMPI-PRATO;067 Prato Via Galilei ;202203;5;3;2;60.00
CAMPI-PRATO;067 Prato Via Galilei ;202204;2;1;1;50.00
CAMPI-PRATO;067 Prato Via Galilei ;TOTALE;31;17;14;54.84
CAMPI-PRATO;070 Carmignano ;202101;4;3;1;75.00
CAMPI-PRATO;070 Carmignano ;202102;3;1;2;33.33
CAMPI-PRATO;070 Carmignano ;202103;2;4;-2;200.00
CAMPI-PRATO;070 Carmignano ;202105;3;1;2;33.33
CAMPI-PRATO;070 Carmignano ;202106;0;1;-1;
CAMPI-PRATO;070 Carmignano ;202107;1;1;0;100.00
CAMPI-PRATO;070 Carmignano ;202108;2;3;-1;150.00
CAMPI-PRATO;070 Carmignano ;202110;1;2;-1;200.00
CAMPI-PRATO;070 Carmignano ;202111;2;2;0;100.00
CAMPI-PRATO;070 Carmignano ;202112;1;1;0;100.00
CAMPI-PRATO;070 Carmignano ;202201;1;1;0;100.00
CAMPI-PRATO;070 Carmignano ;202202;1;2;-1;200.00
CAMPI-PRATO;070 Carmignano ;202203;6;2;4;33.33
CAMPI-PRATO;070 Carmignano ;202204;2;1;1;50.00
CAMPI-PRATO;070 Carmignano ;TOTALE;29;25;4;86.21
CAMPI-PRATO;071 Poggio a Caiano ;202101;2;1;1;50.00
CAMPI-PRATO;071 Poggio a Caiano ;202102;1;5;-4;500.00
CAMPI-PRATO;071 Poggio a Caiano ;202103;1;4;-3;400.00
CAMPI-PRATO;071 Poggio a Caiano ;202104;0;1;-1;
CAMPI-PRATO;071 Poggio a Caiano ;202105;8;5;3;62.50
CAMPI-PRATO;071 Poggio a Caiano ;202106;0;2;-2;
CAMPI-PRATO;071 Poggio a Caiano ;202107;4;1;3;25.00
CAMPI-PRATO;071 Poggio a Caiano ;202108;1;3;-2;300.00
CAMPI-PRATO;071 Poggio a Caiano ;202109;0;1;-1;
CAMPI-PRATO;071 Poggio a Caiano ;202110;1;0;1;0.00
CAMPI-PRATO;071 Poggio a Caiano ;202111;1;2;-1;200.00
CAMPI-PRATO;071 Poggio a Caiano ;202112;1;1;0;100.00
CAMPI-PRATO;071 Poggio a Caiano ;202201;0;2;-2;
CAMPI-PRATO;071 Poggio a Caiano ;202202;0;2;-2;
CAMPI-PRATO;071 Poggio a Caiano ;202203;2;2;0;100.00
CAMPI-PRATO;071 Poggio a Caiano ;202204;3;0;3;0.00
CAMPI-PRATO;071 Poggio a Caiano ;TOTALE;25;32;-7;128.00
CAMPI-PRATO;073 Tobbiana ;202101;1;1;0;100.00
CAMPI-PRATO;073 Tobbiana ;202102;0;1;-1;
CAMPI-PRATO;073 Tobbiana ;202103;4;3;1;75.00
CAMPI-PRATO;073 Tobbiana ;202105;4;1;3;25.00
CAMPI-PRATO;073 Tobbiana ;202107;5;2;3;40.00
CAMPI-PRATO;073 Tobbiana ;202108;4;1;3;25.00
CAMPI-PRATO;073 Tobbiana ;202109;1;0;1;0.00
CAMPI-PRATO;073 Tobbiana ;202110;2;2;0;100.00
CAMPI-PRATO;073 Tobbiana ;202111;2;0;2;0.00
CAMPI-PRATO;073 Tobbiana ;202112;2;2;0;100.00
CAMPI-PRATO;073 Tobbiana ;202201;1;2;-1;200.00
CAMPI-PRATO;073 Tobbiana ;202202;1;1;0;100.00
CAMPI-PRATO;073 Tobbiana ;202203;6;2;4;33.33
CAMPI-PRATO;073 Tobbiana ;202204;1;2;-1;200.00
CAMPI-PRATO;073 Tobbiana ;TOTALE;34;20;14;58.82
CAMPI-PRATO; Tobbiana ;TOTALE;475;287;188;60.42
CENTRO IMPRESE;100 Centro Imprese;202101;1;1;0;100.00
CENTRO IMPRESE;100 Centro Imprese;202102;0;1;-1;
CENTRO IMPRESE;100 Centro Imprese;202103;1;0;1;0.00
CENTRO IMPRESE;100 Centro Imprese;202104;0;1;-1;
CENTRO IMPRESE;100 Centro Imprese;202105;1;4;-3;400.00
CENTRO IMPRESE;100 Centro Imprese;202106;0;1;-1;
CENTRO IMPRESE;100 Centro Imprese;202107;0;1;-1;
CENTRO IMPRESE;100 Centro Imprese;202108;2;1;1;50.00
CENTRO IMPRESE;100 Centro Imprese;202111;0;2;-2;
CENTRO IMPRESE;100 Centro Imprese;202112;0;2;-2;
CENTRO IMPRESE;100 Centro Imprese;202201;1;0;1;0.00
CENTRO IMPRESE;100 Centro Imprese;202202;2;0;2;0.00
CENTRO IMPRESE;100 Centro Imprese;202203;1;3;-2;300.00
CENTRO IMPRESE;100 Centro Imprese;TOTALE;9;17;-8;188.89
CENTRO IMPRESE; Centro Imprese;TOTALE;9;17;-8;188.89
CHIANTI-FIRENZE;020 San Casciano ;202101;10;1;9;10.00
CHIANTI-FIRENZE;020 San Casciano ;202102;6;12;-6;200.00
CHIANTI-FIRENZE;020 San Casciano ;202103;15;16;-1;106.67
CHIANTI-FIRENZE;020 San Casciano ;202104;0;3;-3;
CHIANTI-FIRENZE;020 San Casciano ;202105;17;4;13;23.53
CHIANTI-FIRENZE;020 San Casciano ;202106;0;6;-6;
CHIANTI-FIRENZE;020 San Casciano ;202107;9;1;8;11.11
CHIANTI-FIRENZE;020 San Casciano ;202108;13;5;8;38.46
CHIANTI-FIRENZE;020 San Casciano ;202109;8;3;5;37.50
CHIANTI-FIRENZE;020 San Casciano ;202110;12;2;10;16.67
CHIANTI-FIRENZE;020 San Casciano ;202111;10;3;7;30.00
CHIANTI-FIRENZE;020 San Casciano ;202112;14;10;4;71.43
CHIANTI-FIRENZE;020 San Casciano ;202201;7;5;2;71.43
CHIANTI-FIRENZE;020 San Casciano ;202202;12;6;6;50.00
CHIANTI-FIRENZE;020 San Casciano ;202203;14;13;1;92.86
CHIANTI-FIRENZE;020 San Casciano ;202204;11;7;4;63.64
CHIANTI-FIRENZE;020 San Casciano ;TOTALE;158;97;61;61.39
CHIANTI-FIRENZE;021 Montespertoli ;202102;4;8;-4;200.00
CHIANTI-FIRENZE;021 Montespertoli ;202103;1;3;-2;300.00
CHIANTI-FIRENZE;021 Montespertoli ;202105;4;1;3;25.00
CHIANTI-FIRENZE;021 Montespertoli ;202106;0;1;-1;
CHIANTI-FIRENZE;021 Montespertoli ;202107;1;0;1;0.00
CHIANTI-FIRENZE;021 Montespertoli ;202108;4;3;1;75.00
CHIANTI-FIRENZE;021 Montespertoli ;202110;0;1;-1;
CHIANTI-FIRENZE;021 Montespertoli ;202111;3;2;1;66.67
CHIANTI-FIRENZE;021 Montespertoli ;202201;0;1;-1;
CHIANTI-FIRENZE;021 Montespertoli ;202202;3;0;3;0.00
CHIANTI-FIRENZE;021 Montespertoli ;202203;6;3;3;50.00
CHIANTI-FIRENZE;021 Montespertoli ;202204;3;2;1;66.67
CHIANTI-FIRENZE;021 Montespertoli ;TOTALE;29;25;4;86.21
CHIANTI-FIRENZE;022 Sambuca ;202101;3;1;2;33.33
CHIANTI-FIRENZE;022 Sambuca ;202102;4;4;0;100.00
CHIANTI-FIRENZE;022 Sambuca ;202103;4;2;2;50.00
CHIANTI-FIRENZE;022 Sambuca ;202104;0;1;-1;
CHIANTI-FIRENZE;022 Sambuca ;202105;5;0;5;0.00
CHIANTI-FIRENZE;022 Sambuca ;202106;0;2;-2;
CHIANTI-FIRENZE;022 Sambuca ;202107;5;2;3;40.00
CHIANTI-FIRENZE;022 Sambuca ;202108;3;1;2;33.33
CHIANTI-FIRENZE;022 Sambuca ;202110;3;0;3;0.00
CHIANTI-FIRENZE;022 Sambuca ;202111;2;1;1;50.00
CHIANTI-FIRENZE;022 Sambuca ;202112;2;0;2;0.00
CHIANTI-FIRENZE;022 Sambuca ;202201;1;0;1;0.00
CHIANTI-FIRENZE;022 Sambuca ;202202;4;3;1;75.00
CHIANTI-FIRENZE;022 Sambuca ;202203;4;1;3;25.00
CHIANTI-FIRENZE;022 Sambuca ;202204;5;2;3;40.00
CHIANTI-FIRENZE;022 Sambuca ;TOTALE;45;20;25;44.44
CHIANTI-FIRENZE;023 Scandicci Charta;202101;4;3;1;75.00
CHIANTI-FIRENZE;023 Scandicci Charta;202102;9;10;-1;111.11
CHIANTI-FIRENZE;023 Scandicci Charta;202103;14;12;2;85.71
CHIANTI-FIRENZE;023 Scandicci Charta;202104;0;1;-1;
CHIANTI-FIRENZE;023 Scandicci Charta;202105;19;6;13;31.58
CHIANTI-FIRENZE;023 Scandicci Charta;202106;3;3;0;100.00
CHIANTI-FIRENZE;023 Scandicci Charta;202107;11;3;8;27.27
CHIANTI-FIRENZE;023 Scandicci Charta;202108;15;3;12;20.00
CHIANTI-FIRENZE;023 Scandicci Charta;202109;3;3;0;100.00
CHIANTI-FIRENZE;023 Scandicci Charta;202110;7;1;6;14.29
CHIANTI-FIRENZE;023 Scandicci Charta;202111;10;3;7;30.00
CHIANTI-FIRENZE;023 Scandicci Charta;202112;2;7;-5;350.00
CHIANTI-FIRENZE;023 Scandicci Charta;202201;3;0;3;0.00
CHIANTI-FIRENZE;023 Scandicci Charta;202202;9;6;3;66.67
CHIANTI-FIRENZE;023 Scandicci Charta;202203;14;10;4;71.43
CHIANTI-FIRENZE;023 Scandicci Charta;202204;12;5;7;41.67
CHIANTI-FIRENZE;023 Scandicci Charta;TOTALE;135;76;59;56.30
CHIANTI-FIRENZE;024 Tavarnelle ;202101;6;2;4;33.33
CHIANTI-FIRENZE;024 Tavarnelle ;202102;2;3;-1;150.00
CHIANTI-FIRENZE;024 Tavarnelle ;202103;8;3;5;37.50
CHIANTI-FIRENZE;024 Tavarnelle ;202105;14;1;13;7.14
CHIANTI-FIRENZE;024 Tavarnelle ;202106;0;1;-1;
CHIANTI-FIRENZE;024 Tavarnelle ;202107;5;0;5;0.00
CHIANTI-FIRENZE;024 Tavarnelle ;202108;2;2;0;100.00
CHIANTI-FIRENZE;024 Tavarnelle ;202109;0;2;-2;
CHIANTI-FIRENZE;024 Tavarnelle ;202110;3;3;0;100.00
CHIANTI-FIRENZE;024 Tavarnelle ;202111;4;5;-1;125.00
CHIANTI-FIRENZE;024 Tavarnelle ;202112;1;1;0;100.00
CHIANTI-FIRENZE;024 Tavarnelle ;202201;3;2;1;66.67
CHIANTI-FIRENZE;024 Tavarnelle ;202202;4;2;2;50.00
CHIANTI-FIRENZE;024 Tavarnelle ;202203;6;3;3;50.00
CHIANTI-FIRENZE;024 Tavarnelle ;202204;1;2;-1;200.00
CHIANTI-FIRENZE;024 Tavarnelle ;TOTALE;59;32;27;54.24
CHIANTI-FIRENZE;025 Mercatale ;202101;2;0;2;0.00
CHIANTI-FIRENZE;025 Mercatale ;202102;5;4;1;80.00
CHIANTI-FIRENZE;025 Mercatale ;202103;2;4;-2;200.00
CHIANTI-FIRENZE;025 Mercatale ;202105;7;2;5;28.57
CHIANTI-FIRENZE;025 Mercatale ;202107;2;0;2;0.00
CHIANTI-FIRENZE;025 Mercatale ;202109;2;1;1;50.00
CHIANTI-FIRENZE;025 Mercatale ;202110;2;1;1;50.00
CHIANTI-FIRENZE;025 Mercatale ;202111;3;1;2;33.33
CHIANTI-FIRENZE;025 Mercatale ;202112;3;0;3;0.00
CHIANTI-FIRENZE;025 Mercatale ;202201;0;3;-3;
CHIANTI-FIRENZE;025 Mercatale ;202202;3;0;3;0.00
CHIANTI-FIRENZE;025 Mercatale ;202203;2;0;2;0.00
CHIANTI-FIRENZE;025 Mercatale ;202204;3;2;1;66.67
CHIANTI-FIRENZE;025 Mercatale ;TOTALE;36;18;18;50.00
CHIANTI-FIRENZE;026 Firenze Sansovino;202101;10;2;8;20.00
CHIANTI-FIRENZE;026 Firenze Sansovino;202102;6;2;4;33.33
CHIANTI-FIRENZE;026 Firenze Sansovino;202103;7;3;4;42.86
CHIANTI-FIRENZE;026 Firenze Sansovino;202104;0;3;-3;
CHIANTI-FIRENZE;026 Firenze Sansovino;202105;17;1;16;5.88
CHIANTI-FIRENZE;026 Firenze Sansovino;202107;3;1;2;33.33
CHIANTI-FIRENZE;026 Firenze Sansovino;202108;6;2;4;33.33
CHIANTI-FIRENZE;026 Firenze Sansovino;202109;3;1;2;33.33
CHIANTI-FIRENZE;026 Firenze Sansovino;202110;8;0;8;0.00
CHIANTI-FIRENZE;026 Firenze Sansovino;202111;4;2;2;50.00
CHIANTI-FIRENZE;026 Firenze Sansovino;202112;2;1;1;50.00
CHIANTI-FIRENZE;026 Firenze Sansovino;202201;1;3;-2;300.00
CHIANTI-FIRENZE;026 Firenze Sansovino;202202;3;1;2;33.33
CHIANTI-FIRENZE;026 Firenze Sansovino;202203;6;4;2;66.67
CHIANTI-FIRENZE;026 Firenze Sansovino;202204;2;3;-1;150.00
CHIANTI-FIRENZE;026 Firenze Sansovino;TOTALE;78;29;49;37.18
CHIANTI-FIRENZE;030 Firenze Europa;202101;3;2;1;66.67
CHIANTI-FIRENZE;030 Firenze Europa;202102;1;6;-5;600.00
CHIANTI-FIRENZE;030 Firenze Europa;202103;0;4;-4;
CHIANTI-FIRENZE;030 Firenze Europa;202104;0;1;-1;
CHIANTI-FIRENZE;030 Firenze Europa;202105;11;2;9;18.18
CHIANTI-FIRENZE;030 Firenze Europa;202106;0;2;-2;
CHIANTI-FIRENZE;030 Firenze Europa;202107;4;2;2;50.00
CHIANTI-FIRENZE;030 Firenze Europa;202108;6;14;-8;233.33
CHIANTI-FIRENZE;030 Firenze Europa;202109;1;1;0;100.00
CHIANTI-FIRENZE;030 Firenze Europa;202110;3;1;2;33.33
CHIANTI-FIRENZE;030 Firenze Europa;202111;10;0;10;0.00
CHIANTI-FIRENZE;030 Firenze Europa;202112;6;3;3;50.00
CHIANTI-FIRENZE;030 Firenze Europa;202201;1;2;-1;200.00
CHIANTI-FIRENZE;030 Firenze Europa;202203;8;6;2;75.00
CHIANTI-FIRENZE;030 Firenze Europa;202204;17;4;13;23.53
CHIANTI-FIRENZE;030 Firenze Europa;TOTALE;71;50;21;70.42
CHIANTI-FIRENZE;032 Firenze Forlanini;202101;5;4;1;80.00
CHIANTI-FIRENZE;032 Firenze Forlanini;202102;3;1;2;33.33
CHIANTI-FIRENZE;032 Firenze Forlanini;202103;9;3;6;33.33
CHIANTI-FIRENZE;032 Firenze Forlanini;202104;0;1;-1;
CHIANTI-FIRENZE;032 Firenze Forlanini;202105;15;7;8;46.67
CHIANTI-FIRENZE;032 Firenze Forlanini;202106;1;4;-3;400.00
CHIANTI-FIRENZE;032 Firenze Forlanini;202107;3;0;3;0.00
CHIANTI-FIRENZE;032 Firenze Forlanini;202108;7;10;-3;142.86
CHIANTI-FIRENZE;032 Firenze Forlanini;202109;1;0;1;0.00
CHIANTI-FIRENZE;032 Firenze Forlanini;202110;2;1;1;50.00
CHIANTI-FIRENZE;032 Firenze Forlanini;202111;7;6;1;85.71
CHIANTI-FIRENZE;032 Firenze Forlanini;202112;6;2;4;33.33
CHIANTI-FIRENZE;032 Firenze Forlanini;202203;5;3;2;60.00
CHIANTI-FIRENZE;032 Firenze Forlanini;202204;1;3;-2;300.00
CHIANTI-FIRENZE;032 Firenze Forlanini;TOTALE;65;45;20;69.23
CHIANTI-FIRENZE;033 Firenze Savonarola;202101;2;0;2;0.00
CHIANTI-FIRENZE;033 Firenze Savonarola;202102;3;2;1;66.67
CHIANTI-FIRENZE;033 Firenze Savonarola;202103;2;5;-3;250.00
CHIANTI-FIRENZE;033 Firenze Savonarola;202105;7;3;4;42.86
CHIANTI-FIRENZE;033 Firenze Savonarola;202106;0;3;-3;
CHIANTI-FIRENZE;033 Firenze Savonarola;202107;2;1;1;50.00
CHIANTI-FIRENZE;033 Firenze Savonarola;202108;2;4;-2;200.00
CHIANTI-FIRENZE;033 Firenze Savonarola;202109;3;0;3;0.00
CHIANTI-FIRENZE;033 Firenze Savonarola;202110;1;3;-2;300.00
CHIANTI-FIRENZE;033 Firenze Savonarola;202111;5;5;0;100.00
CHIANTI-FIRENZE;033 Firenze Savonarola;202112;2;1;1;50.00
CHIANTI-FIRENZE;033 Firenze Savonarola;202201;1;1;0;100.00
CHIANTI-FIRENZE;033 Firenze Savonarola;202202;0;1;-1;
CHIANTI-FIRENZE;033 Firenze Savonarola;202203;1;7;-6;700.00
CHIANTI-FIRENZE;033 Firenze Savonarola;202204;0;3;-3;
CHIANTI-FIRENZE;033 Firenze Savonarola;TOTALE;31;39;-8;125.81
CHIANTI-FIRENZE;035 Firenze Campo di Marte;202101;2;1;1;50.00
CHIANTI-FIRENZE;035 Firenze Campo di Marte;202102;1;3;-2;300.00
CHIANTI-FIRENZE;035 Firenze Campo di Marte;202103;3;0;3;0.00
CHIANTI-FIRENZE;035 Firenze Campo di Marte;202105;5;4;1;80.00
CHIANTI-FIRENZE;035 Firenze Campo di Marte;202106;0;2;-2;
CHIANTI-FIRENZE;035 Firenze Campo di Marte;202107;0;1;-1;
CHIANTI-FIRENZE;035 Firenze Campo di Marte;202108;3;4;-1;133.33
CHIANTI-FIRENZE;035 Firenze Campo di Marte;202109;1;3;-2;300.00
CHIANTI-FIRENZE;035 Firenze Campo di Marte;202110;1;1;0;100.00
CHIANTI-FIRENZE;035 Firenze Campo di Marte;202111;4;0;4;0.00
CHIANTI-FIRENZE;035 Firenze Campo di Marte;202112;1;2;-1;200.00
CHIANTI-FIRENZE;035 Firenze Campo di Marte;202201;0;2;-2;
CHIANTI-FIRENZE;035 Firenze Campo di Marte;202202;1;0;1;0.00
CHIANTI-FIRENZE;035 Firenze Campo di Marte;202203;4;6;-2;150.00
CHIANTI-FIRENZE;035 Firenze Campo di Marte;202204;3;9;-6;300.00
CHIANTI-FIRENZE;035 Firenze Campo di Marte;TOTALE;29;38;-9;131.03
CHIANTI-FIRENZE; Firenze Campo di Marte;TOTALE;736;469;267;63.72
PISTOIA-TIRRENO;050 San Miniato ;202101;1;1;0;100.00
PISTOIA-TIRRENO;050 San Miniato ;202102;3;2;1;66.67
PISTOIA-TIRRENO;050 San Miniato ;202103;4;3;1;75.00
PISTOIA-TIRRENO;050 San Miniato ;202105;11;1;10;9.09
PISTOIA-TIRRENO;050 San Miniato ;202106;1;0;1;0.00
PISTOIA-TIRRENO;050 San Miniato ;202107;1;0;1;0.00
PISTOIA-TIRRENO;050 San Miniato ;202108;4;0;4;0.00
PISTOIA-TIRRENO;050 San Miniato ;202109;4;1;3;25.00
PISTOIA-TIRRENO;050 San Miniato ;202111;6;1;5;16.67
PISTOIA-TIRRENO;050 San Miniato ;202112;2;1;1;50.00
PISTOIA-TIRRENO;050 San Miniato ;202201;1;2;-1;200.00
PISTOIA-TIRRENO;050 San Miniato ;202202;1;0;1;0.00
PISTOIA-TIRRENO;050 San Miniato ;202203;2;2;0;100.00
PISTOIA-TIRRENO;050 San Miniato ;202204;1;0;1;0.00
PISTOIA-TIRRENO;050 San Miniato ;TOTALE;42;14;28;33.33
PISTOIA-TIRRENO;053 Pisa ;202101;3;1;2;33.33
PISTOIA-TIRRENO;053 Pisa ;202102;5;3;2;60.00
PISTOIA-TIRRENO;053 Pisa ;202103;9;1;8;11.11
PISTOIA-TIRRENO;053 Pisa ;202105;12;5;7;41.67
PISTOIA-TIRRENO;053 Pisa ;202106;0;1;-1;
PISTOIA-TIRRENO;053 Pisa ;202107;4;0;4;0.00
PISTOIA-TIRRENO;053 Pisa ;202108;5;1;4;20.00
PISTOIA-TIRRENO;053 Pisa ;202109;2;0;2;0.00
PISTOIA-TIRRENO;053 Pisa ;202110;4;0;4;0.00
PISTOIA-TIRRENO;053 Pisa ;202111;5;0;5;0.00
PISTOIA-TIRRENO;053 Pisa ;202112;5;0;5;0.00
PISTOIA-TIRRENO;053 Pisa ;202202;1;0;1;0.00
PISTOIA-TIRRENO;053 Pisa ;202203;9;3;6;33.33
PISTOIA-TIRRENO;053 Pisa ;202204;3;1;2;33.33
PISTOIA-TIRRENO;053 Pisa ;TOTALE;67;16;51;23.88
PISTOIA-TIRRENO;054 San Giuliano ;202102;3;1;2;33.33
PISTOIA-TIRRENO;054 San Giuliano ;202103;2;0;2;0.00
PISTOIA-TIRRENO;054 San Giuliano ;202104;1;0;1;0.00
PISTOIA-TIRRENO;054 San Giuliano ;202105;3;0;3;0.00
PISTOIA-TIRRENO;054 San Giuliano ;202106;2;0;2;0.00
PISTOIA-TIRRENO;054 San Giuliano ;202107;3;0;3;0.00
PISTOIA-TIRRENO;054 San Giuliano ;202109;1;0;1;0.00
PISTOIA-TIRRENO;054 San Giuliano ;202110;2;0;2;0.00
PISTOIA-TIRRENO;054 San Giuliano ;202111;4;0;4;0.00
PISTOIA-TIRRENO;054 San Giuliano ;202203;7;1;6;14.29
PISTOIA-TIRRENO;054 San Giuliano ;202204;2;1;1;50.00
PISTOIA-TIRRENO;054 San Giuliano ;TOTALE;30;3;27;10.00
PISTOIA-TIRRENO;055 Livorno ;202101;9;0;9;0.00
PISTOIA-TIRRENO;055 Livorno ;202102;1;1;0;100.00
PISTOIA-TIRRENO;055 Livorno ;202103;6;0;6;0.00
PISTOIA-TIRRENO;055 Livorno ;202105;14;0;14;0.00
PISTOIA-TIRRENO;055 Livorno ;202107;2;0;2;0.00
PISTOIA-TIRRENO;055 Livorno ;202108;1;1;0;100.00
PISTOIA-TIRRENO;055 Livorno ;202109;3;0;3;0.00
PISTOIA-TIRRENO;055 Livorno ;202110;4;0;4;0.00
PISTOIA-TIRRENO;055 Livorno ;202111;13;0;13;0.00
PISTOIA-TIRRENO;055 Livorno ;202112;2;1;1;50.00
PISTOIA-TIRRENO;055 Livorno ;202201;4;1;3;25.00
PISTOIA-TIRRENO;055 Livorno ;202203;6;1;5;16.67
PISTOIA-TIRRENO;055 Livorno ;202204;6;0;6;0.00
PISTOIA-TIRRENO;055 Livorno ;TOTALE;71;5;66;7.04
PISTOIA-TIRRENO;060 Chiazzano ;202101;0;2;-2;
PISTOIA-TIRRENO;060 Chiazzano ;202102;6;4;2;66.67
PISTOIA-TIRRENO;060 Chiazzano ;202103;10;8;2;80.00
PISTOIA-TIRRENO;060 Chiazzano ;202104;0;1;-1;
PISTOIA-TIRRENO;060 Chiazzano ;202105;10;5;5;50.00
PISTOIA-TIRRENO;060 Chiazzano ;202106;1;3;-2;300.00
PISTOIA-TIRRENO;060 Chiazzano ;202107;7;0;7;0.00
PISTOIA-TIRRENO;060 Chiazzano ;202108;3;4;-1;133.33
PISTOIA-TIRRENO;060 Chiazzano ;202109;1;0;1;0.00
PISTOIA-TIRRENO;060 Chiazzano ;202110;3;2;1;66.67
PISTOIA-TIRRENO;060 Chiazzano ;202111;8;3;5;37.50
PISTOIA-TIRRENO;060 Chiazzano ;202112;0;3;-3;
PISTOIA-TIRRENO;060 Chiazzano ;202201;1;2;-1;200.00
PISTOIA-TIRRENO;060 Chiazzano ;202202;2;2;0;100.00
PISTOIA-TIRRENO;060 Chiazzano ;202203;29;9;20;31.03
PISTOIA-TIRRENO;060 Chiazzano ;202204;10;3;7;30.00
PISTOIA-TIRRENO;060 Chiazzano ;202205;1;0;1;0.00
PISTOIA-TIRRENO;060 Chiazzano ;TOTALE;92;51;41;55.43
PISTOIA-TIRRENO;061 Pistoia Guerrazzi;202101;3;6;-3;200.00
PISTOIA-TIRRENO;061 Pistoia Guerrazzi;202102;3;13;-10;433.33
PISTOIA-TIRRENO;061 Pistoia Guerrazzi;202103;8;14;-6;175.00
PISTOIA-TIRRENO;061 Pistoia Guerrazzi;202104;0;3;-3;
PISTOIA-TIRRENO;061 Pistoia Guerrazzi;202105;14;4;10;28.57
PISTOIA-TIRRENO;061 Pistoia Guerrazzi;202106;1;6;-5;600.00
PISTOIA-TIRRENO;061 Pistoia Guerrazzi;202107;2;0;2;0.00
PISTOIA-TIRRENO;061 Pistoia Guerrazzi;202108;4;1;3;25.00
PISTOIA-TIRRENO;061 Pistoia Guerrazzi;202109;4;1;3;25.00
PISTOIA-TIRRENO;061 Pistoia Guerrazzi;202110;4;2;2;50.00
PISTOIA-TIRRENO;061 Pistoia Guerrazzi;202111;6;7;-1;116.67
PISTOIA-TIRRENO;061 Pistoia Guerrazzi;202112;6;5;1;83.33
PISTOIA-TIRRENO;061 Pistoia Guerrazzi;202201;0;2;-2;
PISTOIA-TIRRENO;061 Pistoia Guerrazzi;202202;2;6;-4;300.00
PISTOIA-TIRRENO;061 Pistoia Guerrazzi;202203;10;10;0;100.00
PISTOIA-TIRRENO;061 Pistoia Guerrazzi;202204;2;3;-1;150.00
PISTOIA-TIRRENO;061 Pistoia Guerrazzi;TOTALE;69;83;-14;120.29
PISTOIA-TIRRENO;062 Montale ;202101;8;1;7;12.50
PISTOIA-TIRRENO;062 Montale ;202102;1;6;-5;600.00
PISTOIA-TIRRENO;062 Montale ;202103;3;8;-5;266.67
PISTOIA-TIRRENO;062 Montale ;202104;0;2;-2;
PISTOIA-TIRRENO;062 Montale ;202105;5;0;5;0.00
PISTOIA-TIRRENO;062 Montale ;202106;0;2;-2;
PISTOIA-TIRRENO;062 Montale ;202107;1;0;1;0.00
PISTOIA-TIRRENO;062 Montale ;202109;3;1;2;33.33
PISTOIA-TIRRENO;062 Montale ;202110;1;4;-3;400.00
PISTOIA-TIRRENO;062 Montale ;202111;5;5;0;100.00
PISTOIA-TIRRENO;062 Montale ;202112;2;3;-1;150.00
PISTOIA-TIRRENO;062 Montale ;202201;1;2;-1;200.00
PISTOIA-TIRRENO;062 Montale ;202202;7;0;7;0.00
PISTOIA-TIRRENO;062 Montale ;202203;1;3;-2;300.00
PISTOIA-TIRRENO;062 Montale ;202204;2;4;-2;200.00
PISTOIA-TIRRENO;062 Montale ;TOTALE;40;41;-1;102.50
PISTOIA-TIRRENO;063 Pistoia Centro ;202101;0;1;-1;
PISTOIA-TIRRENO;063 Pistoia Centro ;202102;4;2;2;50.00
PISTOIA-TIRRENO;063 Pistoia Centro ;202103;8;3;5;37.50
PISTOIA-TIRRENO;063 Pistoia Centro ;202104;0;1;-1;
PISTOIA-TIRRENO;063 Pistoia Centro ;202105;11;2;9;18.18
PISTOIA-TIRRENO;063 Pistoia Centro ;202106;1;1;0;100.00
PISTOIA-TIRRENO;063 Pistoia Centro ;202107;6;0;6;0.00
PISTOIA-TIRRENO;063 Pistoia Centro ;202108;2;0;2;0.00
PISTOIA-TIRRENO;063 Pistoia Centro ;202109;2;0;2;0.00
PISTOIA-TIRRENO;063 Pistoia Centro ;202110;2;2;0;100.00
PISTOIA-TIRRENO;063 Pistoia Centro ;202111;4;1;3;25.00
PISTOIA-TIRRENO;063 Pistoia Centro ;202112;2;1;1;50.00
PISTOIA-TIRRENO;063 Pistoia Centro ;202201;3;2;1;66.67
PISTOIA-TIRRENO;063 Pistoia Centro ;202202;7;0;7;0.00
PISTOIA-TIRRENO;063 Pistoia Centro ;202203;3;3;0;100.00
PISTOIA-TIRRENO;063 Pistoia Centro ;202204;2;1;1;50.00
PISTOIA-TIRRENO;063 Pistoia Centro ;TOTALE;57;20;37;35.09
PISTOIA-TIRRENO;064 Montemurlo ;202101;1;1;0;100.00
PISTOIA-TIRRENO;064 Montemurlo ;202102;3;3;0;100.00
PISTOIA-TIRRENO;064 Montemurlo ;202103;2;2;0;100.00
PISTOIA-TIRRENO;064 Montemurlo ;202105;11;1;10;9.09
PISTOIA-TIRRENO;064 Montemurlo ;202106;2;1;1;50.00
PISTOIA-TIRRENO;064 Montemurlo ;202107;3;0;3;0.00
PISTOIA-TIRRENO;064 Montemurlo ;202108;3;0;3;0.00
PISTOIA-TIRRENO;064 Montemurlo ;202109;3;0;3;0.00
PISTOIA-TIRRENO;064 Montemurlo ;202110;4;0;4;0.00
PISTOIA-TIRRENO;064 Montemurlo ;202111;6;1;5;16.67
PISTOIA-TIRRENO;064 Montemurlo ;202112;3;1;2;33.33
PISTOIA-TIRRENO;064 Montemurlo ;202202;2;0;2;0.00
PISTOIA-TIRRENO;064 Montemurlo ;202203;7;0;7;0.00
PISTOIA-TIRRENO;064 Montemurlo ;202204;3;0;3;0.00
PISTOIA-TIRRENO;064 Montemurlo ;TOTALE;53;10;43;18.87
PISTOIA-TIRRENO;066 La Colonna ;202101;4;1;3;25.00
PISTOIA-TIRRENO;066 La Colonna ;202102;1;4;-3;400.00
PISTOIA-TIRRENO;066 La Colonna ;202103;2;3;-1;150.00
PISTOIA-TIRRENO;066 La Colonna ;202105;5;4;1;80.00
PISTOIA-TIRRENO;066 La Colonna ;202106;1;1;0;100.00
PISTOIA-TIRRENO;066 La Colonna ;202107;5;1;4;20.00
PISTOIA-TIRRENO;066 La Colonna ;202108;3;7;-4;233.33
PISTOIA-TIRRENO;066 La Colonna ;202109;3;0;3;0.00
PISTOIA-TIRRENO;066 La Colonna ;202110;4;3;1;75.00
PISTOIA-TIRRENO;066 La Colonna ;202111;5;2;3;40.00
PISTOIA-TIRRENO;066 La Colonna ;202112;3;1;2;33.33
PISTOIA-TIRRENO;066 La Colonna ;202203;1;1;0;100.00
PISTOIA-TIRRENO;066 La Colonna ;202204;4;0;4;0.00
PISTOIA-TIRRENO;066 La Colonna ;TOTALE;41;28;13;68.29
PISTOIA-TIRRENO; La Colonna ;TOTALE;562;271;291;48.22
SIENA;000 Fontebecci ;202101;9;6;3;66.67
SIENA;000 Fontebecci ;202102;1;5;-4;500.00
SIENA;000 Fontebecci ;202103;28;7;21;25.00
SIENA;000 Fontebecci ;202104;0;5;-5;
SIENA;000 Fontebecci ;202105;27;9;18;33.33
SIENA;000 Fontebecci ;202106;3;5;-2;166.67
SIENA;000 Fontebecci ;202107;16;4;12;25.00
SIENA;000 Fontebecci ;202108;32;11;21;34.38
SIENA;000 Fontebecci ;202109;4;1;3;25.00
SIENA;000 Fontebecci ;202110;8;5;3;62.50
SIENA;000 Fontebecci ;202111;9;11;-2;122.22
SIENA;000 Fontebecci ;202112;5;12;-7;240.00
SIENA;000 Fontebecci ;202201;7;6;1;85.71
SIENA;000 Fontebecci ;202202;11;9;2;81.82
SIENA;000 Fontebecci ;202203;9;9;0;100.00
SIENA;000 Fontebecci ;202204;8;6;2;75.00
SIENA;000 Fontebecci ;TOTALE;177;111;66;62.71
SIENA;001 Colle ;202101;2;2;0;100.00
SIENA;001 Colle ;202102;4;4;0;100.00
SIENA;001 Colle ;202103;6;5;1;83.33
SIENA;001 Colle ;202104;1;0;1;0.00
SIENA;001 Colle ;202105;30;3;27;10.00
SIENA;001 Colle ;202106;0;1;-1;
SIENA;001 Colle ;202107;6;0;6;0.00
SIENA;001 Colle ;202108;7;0;7;0.00
SIENA;001 Colle ;202109;5;1;4;20.00
SIENA;001 Colle ;202110;10;2;8;20.00
SIENA;001 Colle ;202111;7;3;4;42.86
SIENA;001 Colle ;202112;6;2;4;33.33
SIENA;001 Colle ;202201;2;1;1;50.00
SIENA;001 Colle ;202202;6;0;6;0.00
SIENA;001 Colle ;202203;9;3;6;33.33
SIENA;001 Colle ;202204;7;3;4;42.86
SIENA;001 Colle ;202205;1;0;1;0.00
SIENA;001 Colle ;TOTALE;109;30;79;27.52
SIENA;002 Siena Montanini;202101;2;0;2;0.00
SIENA;002 Siena Montanini;202102;4;9;-5;225.00
SIENA;002 Siena Montanini;202103;12;4;8;33.33
SIENA;002 Siena Montanini;202104;0;1;-1;
SIENA;002 Siena Montanini;202105;13;4;9;30.77
SIENA;002 Siena Montanini;202106;1;5;-4;500.00
SIENA;002 Siena Montanini;202107;5;3;2;60.00
SIENA;002 Siena Montanini;202108;9;1;8;11.11
SIENA;002 Siena Montanini;202109;5;2;3;40.00
SIENA;002 Siena Montanini;202110;4;3;1;75.00
SIENA;002 Siena Montanini;202111;16;2;14;12.50
SIENA;002 Siena Montanini;202112;6;3;3;50.00
SIENA;002 Siena Montanini;202201;5;1;4;20.00
SIENA;002 Siena Montanini;202202;2;2;0;100.00
SIENA;002 Siena Montanini;202203;14;3;11;21.43
SIENA;002 Siena Montanini;202204;6;3;3;50.00
SIENA;002 Siena Montanini;TOTALE;104;46;58;44.23
SIENA;003 Poggibonsi ;202101;5;1;4;20.00
SIENA;003 Poggibonsi ;202102;6;5;1;83.33
SIENA;003 Poggibonsi ;202103;8;3;5;37.50
SIENA;003 Poggibonsi ;202105;26;2;24;7.69
SIENA;003 Poggibonsi ;202106;1;1;0;100.00
SIENA;003 Poggibonsi ;202107;5;1;4;20.00
SIENA;003 Poggibonsi ;202108;8;3;5;37.50
SIENA;003 Poggibonsi ;202109;4;0;4;0.00
SIENA;003 Poggibonsi ;202110;11;1;10;9.09
SIENA;003 Poggibonsi ;202111;9;5;4;55.56
SIENA;003 Poggibonsi ;202112;6;1;5;16.67
SIENA;003 Poggibonsi ;202201;8;1;7;12.50
SIENA;003 Poggibonsi ;202203;6;3;3;50.00
SIENA;003 Poggibonsi ;202204;12;5;7;41.67
SIENA;003 Poggibonsi ;TOTALE;115;32;83;27.83
SIENA;004 Castelnuovo ;202101;3;1;2;33.33
SIENA;004 Castelnuovo ;202102;3;1;2;33.33
SIENA;004 Castelnuovo ;202103;3;2;1;66.67
SIENA;004 Castelnuovo ;202105;5;1;4;20.00
SIENA;004 Castelnuovo ;202106;0;1;-1;
SIENA;004 Castelnuovo ;202107;2;0;2;0.00
SIENA;004 Castelnuovo ;202108;6;0;6;0.00
SIENA;004 Castelnuovo ;202110;2;0;2;0.00
SIENA;004 Castelnuovo ;202111;2;1;1;50.00
SIENA;004 Castelnuovo ;202112;0;4;-4;
SIENA;004 Castelnuovo ;202201;1;0;1;0.00
SIENA;004 Castelnuovo ;202202;2;0;2;0.00
SIENA;004 Castelnuovo ;202203;1;1;0;100.00
SIENA;004 Castelnuovo ;202204;3;2;1;66.67
SIENA;004 Castelnuovo ;TOTALE;33;14;19;42.42
SIENA;005 Siena Porta Pispini;202101;2;3;-1;150.00
SIENA;005 Siena Porta Pispini;202102;4;0;4;0.00
SIENA;005 Siena Porta Pispini;202103;5;3;2;60.00
SIENA;005 Siena Porta Pispini;202105;10;4;6;40.00
SIENA;005 Siena Porta Pispini;202106;0;2;-2;
SIENA;005 Siena Porta Pispini;202107;3;0;3;0.00
SIENA;005 Siena Porta Pispini;202108;4;3;1;75.00
SIENA;005 Siena Porta Pispini;202109;1;2;-1;200.00
SIENA;005 Siena Porta Pispini;202110;2;2;0;100.00
SIENA;005 Siena Porta Pispini;202111;8;3;5;37.50
SIENA;005 Siena Porta Pispini;202112;12;0;12;0.00
SIENA;005 Siena Porta Pispini;202201;4;3;1;75.00
SIENA;005 Siena Porta Pispini;202202;1;0;1;0.00
SIENA;005 Siena Porta Pispini;202203;3;6;-3;200.00
SIENA;005 Siena Porta Pispini;202204;3;5;-2;166.67
SIENA;005 Siena Porta Pispini;TOTALE;62;36;26;58.06
SIENA;051 Montalcino ;202102;1;2;-1;200.00
SIENA;051 Montalcino ;202103;1;3;-2;300.00
SIENA;051 Montalcino ;202105;6;1;5;16.67
SIENA;051 Montalcino ;202107;2;1;1;50.00
SIENA;051 Montalcino ;202108;1;2;-1;200.00
SIENA;051 Montalcino ;202110;2;0;2;0.00
SIENA;051 Montalcino ;202111;6;2;4;33.33
SIENA;051 Montalcino ;202112;5;1;4;20.00
SIENA;051 Montalcino ;202202;1;1;0;100.00
SIENA;051 Montalcino ;202203;5;2;3;40.00
SIENA;051 Montalcino ;202204;1;0;1;0.00
SIENA;051 Montalcino ;TOTALE;31;15;16;48.39
SIENA;056 Arezzo ;202101;3;0;3;0.00
SIENA;056 Arezzo ;202102;3;0;3;0.00
SIENA;056 Arezzo ;202103;3;1;2;33.33
SIENA;056 Arezzo ;202108;2;0;2;0.00
SIENA;056 Arezzo ;202109;2;0;2;0.00
SIENA;056 Arezzo ;202110;1;0;1;0.00
SIENA;056 Arezzo ;202111;2;0;2;0.00
SIENA;056 Arezzo ;202202;1;0;1;0.00
SIENA;056 Arezzo ;TOTALE;17;1;16;5.88
SIENA; Arezzo ;TOTALE;648;285;363;43.98
_Chiusa_;009 San Gimignano (chiusa);202102;0;1;-1;
_Chiusa_;009 San Gimignano (chiusa);202103;3;1;2;33.33
_Chiusa_;009 San Gimignano (chiusa);202104;0;1;-1;
_Chiusa_;009 San Gimignano (chiusa);202105;3;1;2;33.33
_Chiusa_;009 San Gimignano (chiusa);202106;0;1;-1;
_Chiusa_;009 San Gimignano (chiusa);202107;1;0;1;0.00
_Chiusa_;009 San Gimignano (chiusa);202108;0;2;-2;
_Chiusa_;009 San Gimignano (chiusa);202109;1;0;1;0.00
_Chiusa_;009 San Gimignano (chiusa);202110;1;3;-2;300.00
_Chiusa_;009 San Gimignano (chiusa);202111;2;0;2;0.00
_Chiusa_;009 San Gimignano (chiusa);202112;1;0;1;0.00
_Chiusa_;009 San Gimignano (chiusa);202201;0;1;-1;
_Chiusa_;009 San Gimignano (chiusa);202202;2;0;2;0.00
_Chiusa_;009 San Gimignano (chiusa);202203;2;1;1;50.00
_Chiusa_;009 San Gimignano (chiusa);202204;1;0;1;0.00
_Chiusa_;009 San Gimignano (chiusa);TOTALE;17;12;5;70.59
_Chiusa_;068 Pistoia Sant'Agostino (chiusa);202101;1;0;1;0.00
_Chiusa_;068 Pistoia Sant'Agostino (chiusa);202102;1;2;-1;200.00
_Chiusa_;068 Pistoia Sant'Agostino (chiusa);202103;1;0;1;0.00
_Chiusa_;068 Pistoia Sant'Agostino (chiusa);202105;8;3;5;37.50
_Chiusa_;068 Pistoia Sant'Agostino (chiusa);202106;1;1;0;100.00
_Chiusa_;068 Pistoia Sant'Agostino (chiusa);202107;4;0;4;0.00
_Chiusa_;068 Pistoia Sant'Agostino (chiusa);202108;3;3;0;100.00
_Chiusa_;068 Pistoia Sant'Agostino (chiusa);202109;2;1;1;50.00
_Chiusa_;068 Pistoia Sant'Agostino (chiusa);202110;5;0;5;0.00
_Chiusa_;068 Pistoia Sant'Agostino (chiusa);202111;2;0;2;0.00
_Chiusa_;068 Pistoia Sant'Agostino (chiusa);202112;4;1;3;25.00
_Chiusa_;068 Pistoia Sant'Agostino (chiusa);202201;1;1;0;100.00
_Chiusa_;068 Pistoia Sant'Agostino (chiusa);202202;2;0;2;0.00
_Chiusa_;068 Pistoia Sant'Agostino (chiusa);202203;3;2;1;66.67
_Chiusa_;068 Pistoia Sant'Agostino (chiusa);202204;3;0;3;0.00
_Chiusa_;068 Pistoia Sant'Agostino (chiusa);TOTALE;41;14;27;34.15
_Chiusa_;076 Seano ;202101;1;2;-1;200.00
_Chiusa_;076 Seano ;202102;2;3;-1;150.00
_Chiusa_;076 Seano ;202103;2;2;0;100.00
_Chiusa_;076 Seano ;202105;5;3;2;60.00
_Chiusa_;076 Seano ;202106;0;1;-1;
_Chiusa_;076 Seano ;202107;1;2;-1;200.00
_Chiusa_;076 Seano ;202108;2;0;2;0.00
_Chiusa_;076 Seano ;202109;1;1;0;100.00
_Chiusa_;076 Seano ;202110;2;0;2;0.00
_Chiusa_;076 Seano ;202111;4;2;2;50.00
_Chiusa_;076 Seano ;202112;6;4;2;66.67
_Chiusa_;076 Seano ;202202;2;1;1;50.00
_Chiusa_;076 Seano ;202203;4;6;-2;150.00
_Chiusa_;076 Seano ;202204;4;5;-1;125.00
_Chiusa_;076 Seano ;TOTALE;36;32;4;88.89
_Chiusa_; Seano ;TOTALE;94;58;36;61.70
; Seano ;TOTALE;2524;1387;1137;54.95
